"TSS Code","Source Site","Study Name","BCR","acronym"
"01","International Genomics Consortium","ovarian serous cystadenocarcinoma","IGC","OV"
"02","MD Anderson Cancer Center","glioblastoma multiforme","IGC","GBM"
"04","Gynecologic Oncology Group","ovarian serous cystadenocarcinoma","IGC","OV"
"05","Indivumed","lung adenocarcinoma","IGC","LUAD"
"06","Henry Ford Hospital","glioblastoma multiforme","IGC","GBM"
"07","TGen","cell line control","IGC","cell line control"
"08","UCSF","glioblastoma multiforme","IGC","GBM"
"09","UCSF","ovarian serous cystadenocarcinoma","IGC","OV"
"10","MD Anderson Cancer Center","ovarian serous cystadenocarcinoma","IGC","OV"
"11","MD Anderson Cancer Center","lung squamous cell carcinoma","IGC","LUSC"
"12","Duke","glioblastoma multiforme","IGC","GBM"
"13","Memorial Sloan Kettering","ovarian serous cystadenocarcinoma","IGC","OV"
"14","Emory University","glioblastoma multiforme","IGC","GBM"
"15","Mayo Clinic - Rochester","glioblastoma multiforme","IGC","GBM"
"16","Toronto Western Hospital","glioblastoma multiforme","IGC","GBM"
"17","Washington University","lung adenocarcinoma","IGC","LUAD"
"18","Princess Margaret Hospital (Canada)","lung squamous cell carcinoma","IGC","LUSC"
"19","Case Western","glioblastoma multiforme","IGC","GBM"
"1Z","Johns Hopkins","thymoma","NCH","THYM"
"20","Fox Chase Cancer Center","ovarian serous cystadenocarcinoma","IGC","OV"
"21","Fox Chase Cancer Center","lung squamous cell carcinoma","IGC","LUSC"
"22","Mayo Clinic - Rochester","lung squamous cell carcinoma","IGC","LUSC"
"23","Cedars Sinai","ovarian serous cystadenocarcinoma","IGC","OV"
"24","Washington University","ovarian serous cystadenocarcinoma","IGC","OV"
"25","Mayo Clinic - Rochester","ovarian serous cystadenocarcinoma","IGC","OV"
"26","University of Florida","glioblastoma multiforme","IGC","GBM"
"27","Milan - Italy, Fondazione IRCCS Instituto Neuroligico C. Besta","glioblastoma multiforme","IGC","GBM"
"28","Cedars Sinai","glioblastoma multiforme","IGC","GBM"
"29","Duke","ovarian serous cystadenocarcinoma","IGC","OV"
"2A","Memorial Sloan Kettering Cancer Center","prostate adenocarcinoma","NCH","PRAD"
"2E","University of Kansas Medical Center","uterine corpus endometrioid carcinoma","NCH","UCEC"
"2F","Erasmus MC","bladder urothelial carcinoma","NCH","BLCA"
"2G","Erasmus MC","testicular germ cell tumor","NCH","TGCT"
"2H","Erasmus MC","esophageal carcinoma","NCH","ESCA"
"2J","Mayo Clinic","pancreatic adenocarcinoma","NCH","PAAD"
"2K","Greenville Health System","kidney papillary cell carcinoma","NCH","KIRP"
"2L","Technical University of Munich","pancreatic adenocarcinoma","NCH","PAAD"
"2M","Technical University of Munich","esophageal carcinoma","NCH","ESCA"
"2N","Technical University of Munich","stomach adenocarcinoma","NCH","STAD"
"2P","University of California San Diego","pancreatic adenocarcinoma","NCH","PAAD"
"2V","University of California San Diego","liver hepatocellular carcinoma","NCH","LIHC"
"2W","University of New Mexico","cervical & endocervical cancer","NCH","CESC"
"2X","ABS IUPUI","testicular germ cell tumor","NCH","TGCT"
"2Y","Moffitt Cancer Center","liver hepatocellular carcinoma","NCH","LIHC"
"2Z","Moffitt Cancer Center","kidney papillary cell carcinoma","NCH","KIRP"
"30","Harvard","ovarian serous cystadenocarcinoma","IGC","OV"
"31","Imperial College","ovarian serous cystadenocarcinoma","IGC","OV"
"32","St. Joseph's Hospital (AZ)","glioblastoma multiforme","IGC","GBM"
"33","Johns Hopkins","lung squamous cell carcinoma","IGC","LUSC"
"34","University of Pittsburgh","lung squamous cell carcinoma","IGC","LUSC"
"35","Cureline","lung adenocarcinoma","IGC","LUAD"
"36","BC Cancer Agency","ovarian serous cystadenocarcinoma","IGC","OV"
"37","Cureline","lung squamous cell carcinoma","IGC","LUSC"
"38","UNC","lung adenocarcinoma","IGC","LUAD"
"39","MSKCC","lung squamous cell carcinoma","IGC","LUSC"
"3A","Moffitt Cancer Center","pancreatic adenocarcinoma","NCH","PAAD"
"3B","Moffitt Cancer Center","sarcoma","NCH","SARC"
"3C","Columbia University","breast invasive carcinoma","NCH","BRCA"
"3E","Columbia University","pancreatic adenocarcinoma","NCH","PAAD"
"3G","MD Anderson Cancer Center","thymoma","NCH","THYM"
"3H","MD Anderson Cancer Center","mesothelioma","NCH","MESO"
"3J","Carle Cancer Center","breast invasive carcinoma","NCH","BRCA"
"3K","Boston Medical Center","liver hepatocellular carcinoma","NCH","LIHC"
"3L","Albert Einstein Medical Center","colon adenocarcinoma","NCH","COAD"
"3M","University of Kansas Medical Center","stomach adenocarcinoma","NCH","STAD"
"3N","Greenville Health System","skin cutaneous melanoma","NCH","SKCM"
"3P","Greenville Health System","ovarian serous cystadenocarcinoma","NCH","OV"
"3Q","Greenville Health Systems","thymoma","NCH","THYM"
"3R","University of New Mexico","sarcoma","NCH","SARC"
"3S","University of New Mexico","thymoma","NCH","THYM"
"3T","Emory University","thymoma","NCH","THYM"
"3U","University of Chicago","mesothelioma","NCH","MESO"
"3W","University of California San Diego","sarcoma","NCH","SARC"
"3X","Alberta Health Services","cholangiocarcinoma","NCH","CHOL"
"3Z","Mary Bird Perkins Cancer Center - Our Lady of the Lake","kidney clear cell carcinoma","NCH","KIRC"
"41","Christiana Healthcare","glioblastoma multiforme","IGC","GBM"
"42","Christiana Healthcare","ovarian serous cystadenocarcinoma","IGC","OV"
"43","Christiana Healthcare","lung squamous cell carcinoma","IGC","LUSC"
"44","Christiana Healthcare","lung adenocarcinoma","IGC","LUAD"
"46","St. Joseph's Medical Center (MD)","lung squamous cell carcinoma","IGC","LUSC"
"49","Johns Hopkins","lung adenocarcinoma","IGC","LUAD"
"4A","Mary Bird Perkins Cancer Center - Our Lady of the Lake","kidney papillary cell carcinoma","NCH","KIRP"
"4B","Mary Bird Perkins Cancer Center - Our Lady of the Lake","lung adenocarcinoma","NCH","LUAD"
"4C","Mary Bird Perkins Cancer Center - Our Lady of the Lake","thyroid carcinoma","NCH","THCA"
"4D","Molecular Response","ovarian serous cystadenocarcinoma","NCH","OV"
"4E","Molecular Response","uterine corpus endometrioid carcinoma","NCH","UCEC"
"4G","Sapienza University of Rome","cholangiocarcinoma","NCH","CHOL"
"4H","Proteogenex, Inc.","breast invasive carcinoma","NCH","BRCA"
"4J","Proteogenex, Inc.","cervical & endocervical cancer","NCH","CESC"
"4K","Proteogenex, Inc.","testicular germ cell tumor","NCH","TGCT"
"4L","Proteogenex, Inc.","prostate adenocarcinoma","NCH","PRAD"
"4N","Mary Bird Perkins Cancer Center - Our Lady of the Lake","colon adenocarcinoma","NCH","COAD"
"4P","Duke University","head & neck squamous cell carcinoma","NCH","HNSC"
"4Q","Duke University","sarcoma","NCH","SARC"
"4R","Duke University","liver hepatocellular carcinoma","NCH","LIHC"
"4S","Duke University","prostate adenocarcinoma","NCH","PRAD"
"4T","Duke University","colon adenocarcinoma","NCH","COAD"
"4V","Hospital Louis Pradel","thymoma","NCH","THYM"
"4W","University of Miami","glioblastoma multiforme","NCH","GBM"
"4X","Yale University","thymoma","NCH","THYM"
"4Y","Medical College of Wisconsin","sarcoma","NCH","SARC"
"4Z","Barretos Cancer Hospital","bladder urothelial carcinoma","NCH","BLCA"
"50","University of Pittsburgh","lung adenocarcinoma","IGC","LUAD"
"51","UNC","lung squamous cell carcinoma","IGC","LUSC"
"52","University of Miami","lung squamous cell carcinoma","IGC","LUSC"
"53","University of Miami","lung adenocarcinoma","IGC","LUAD"
"55","International Genomics Consortium","lung adenocarcinoma","IGC","LUAD"
"56","International Genomics Consortium","lung squamous cell carcinoma","IGC","LUSC"
"57","International Genomics Consortium","ovarian serous cystadenocarcinoma","IGC","OV"
"58","Thoraxklinik at University Hospital Heidelberg","lung squamous cell carcinoma","IGC","LUSC"
"59","Roswell Park","ovarian serous cystadenocarcinoma","IGC","OV"
"5A","Wake Forest University","cholangiocarcinoma","NCH","CHOL"
"5B","Medical College of Wisconsin","uterine corpus endometrioid carcinoma","NCH","UCEC"
"5C","Cureline","liver hepatocellular carcinoma","NCH","LIHC"
"5D","University of Miami","sarcoma","NCH","SARC"
"5F","Duke University","thyroid carcinoma","NCH","THCA"
"5G","Cleveland Clinic Foundation","thymoma","NCH","THYM"
"5H","Retina Consultants Houston","uveal melanoma","NCH","UVM"
"5J","Cureline","acute myeloid leukemia","NCH","LAML"
"5K","St. Joseph's Hospital AZ","thymoma","NCH","THYM"
"5L","University of Sao Paulo","breast invasive carcinoma","NCH","BRCA"
"5M","University of Sao Paulo","colon adenocarcinoma","NCH","COAD"
"5N","University Hospital Erlangen","bladder urothelial carcinoma","NCH","BLCA"
"5P","University Hospital Erlangen","kidney papillary cell carcinoma","NCH","KIRP"
"5Q","Proteogenex, Inc","pancreatic adenocarcinoma","NCH","PAAD"
"5R","Proteogenex, Inc","liver hepatocellular carcinoma","NCH","LIHC"
"5S","Holy Cross","uterine corpus endometrioid carcinoma","NCH","UCEC"
"5T","Holy Cross","breast invasive carcinoma","NCH","BRCA"
"5U","Regina Elena National Cancer Institute","thymoma","NCH","THYM"
"5V","Roswell Park","thymoma","NCH","THYM"
"5W","University of Alabama","uterine corpus endometrioid carcinoma","NCH","UCEC"
"5X","University of Alabama","ovarian serous cystadenocarcinoma","NCH","OV"
"60","Roswell Park","lung squamous cell carcinoma","IGC","LUSC"
"61","University of Pittsburgh","ovarian serous cystadenocarcinoma","IGC","OV"
"62","Thoraxklinik at University Hospital Heidelberg","lung adenocarcinoma","IGC","LUAD"
"63","Ontario Institute for Cancer Research","lung squamous cell carcinoma","IGC","LUSC"
"64","Fox Chase","lung adenocarcinoma","IGC","LUAD"
"65","Roswell Park","glioblastoma multiforme","IGC","GBM"
"66","Indivumed","lung squamous cell carcinoma","IGC","LUSC"
"67","St Joseph's Medical Center (MD)","lung adenocarcinoma","IGC","LUAD"
"68","Washington University - Cleveland Clinic","lung squamous cell carcinoma","IGC","LUSC"
"69","Washington University - Cleveland Clinic","lung adenocarcinoma","IGC","LUAD"
"6A","University of Kansas","lung squamous cell carcinoma","NCH","LUSC"
"6D","University of Oklahoma HSC","kidney clear cell carcinoma","NCH","KIRC"
"6G","University of Sao Paulo","rectum adenocarcinoma","NCH","READ"
"6H","Test For lcml","chronic myelogenous leukemia","NCH","chronic myelogenous leukemia"
"70","ILSBio","lung squamous cell carcinoma","IGC","LUSC"
"71","ILSBio","lung adenocarcinoma","IGC","LUAD"
"72","NCH","ovarian serous cystadenocarcinoma","IGC","OV"
"73","Roswell Park","lung adenocarcinoma","IGC","LUAD"
"74","Swedish Neurosciences","glioblastoma multiforme","IGC","GBM"
"75","Ontario Institute for Cancer Research (OICR)","lung adenocarcinoma","IGC","LUAD"
"76","Thomas Jefferson University","glioblastoma multiforme","IGC","GBM"
"77","Prince Charles Hospital","lung squamous cell carcinoma","IGC","LUSC"
"78","Prince Charles Hospital","lung adenocarcinoma","IGC","LUAD"
"79","Ontario Institute for Cancer Research (OICR)/Ottawa","lung squamous cell carcinoma","IGC","LUSC"
"80","Ontario Institute for Cancer Research (OICR)/Ottawa","lung adenocarcinoma","IGC","LUAD"
"81","CHI-Penrose Colorado","glioblastoma multiforme","IGC","GBM"
"82","CHI-Penrose Colorado","lung squamous cell carcinoma","IGC","LUSC"
"83","CHI-Penrose Colorado","lung adenocarcinoma","IGC","LUAD"
"85","Asterand","lung squamous cell carcinoma","IGC","LUSC"
"86","Asterand","lung adenocarcinoma","IGC","LUAD"
"87","International Genomics Consortium","glioblastoma multiforme","IGC","GBM"
"90","ABS - IUPUI","lung squamous cell carcinoma","IGC","LUSC"
"91","ABS - IUPUI","lung adenocarcinoma","IGC","LUAD"
"92","Washington University - St. Louis","lung squamous cell carcinoma","IGC","LUSC"
"93","Washington University - St. Louis","lung adenocarcinoma","IGC","LUAD"
"94","Washington University - Emory","lung squamous cell carcinoma","IGC","LUSC"
"95","Washington University - Emory","lung adenocarcinoma","IGC","LUAD"
"96","Washington University - NYU","lung squamous cell carcinoma","IGC","LUSC"
"97","Washington University - NYU","lung adenocarcinoma","IGC","LUAD"
"98","Washington University - Alabama","lung squamous cell carcinoma","IGC","LUSC"
"99","Washington University - Alabama","lung adenocarcinoma","IGC","LUAD"
"A1","UCSF","breast invasive carcinoma","NCH","BRCA"
"A2","Walter Reed","breast invasive carcinoma","NCH","BRCA"
"A3","International Genomics Consortium","kidney clear cell carcinoma","IGC","KIRC"
"A4","International Genomics Consortium","kidney papillary cell carcinoma","IGC","KIRP"
"A5","Cedars Sinai","uterine corpus endometrioid carcinoma","NCH","UCEC"
"A6","Christiana Healthcare","colon adenocarcinoma","IGC","COAD"
"A7","Christiana Healthcare","breast invasive carcinoma","NCH","BRCA"
"A8","Indivumed","breast invasive carcinoma","NCH","BRCA"
"AA","Indivumed","colon adenocarcinoma","IGC","COAD"
"AB","Washington University","acute myeloid leukemia","NCH","LAML"
"AC","International Genomics Consortium","breast invasive carcinoma","NCH","BRCA"
"AD","International Genomics Consortium","colon adenocarcinoma","IGC","COAD"
"AF","Christiana Healthcare","rectum adenocarcinoma","IGC","READ"
"AG","Indivumed","rectum adenocarcinoma","IGC","READ"
"AH","International Genomics Consortium","rectum adenocarcinoma","IGC","READ"
"AJ","International Genomics Conosrtium","uterine corpus endometrioid carcinoma","NCH","UCEC"
"AK","Fox Chase","kidney clear cell carcinoma","IGC","KIRC"
"AL","Fox Chase","kidney papillary cell carcinoma","IGC","KIRP"
"AM","Cureline","colon adenocarcinoma","IGC","COAD"
"AN","Cureline","breast invasive carcinoma","NCH","BRCA"
"AO","MSKCC","breast invasive carcinoma","NCH","BRCA"
"AP","MSKCC","uterine corpus endometrioid carcinoma","NCH","UCEC"
"AQ","UNC","breast invasive carcinoma","NCH","BRCA"
"AR","Mayo","breast invasive carcinoma","NCH","BRCA"
"AS","St. Joseph's Medical Center-(MD)","kidney clear cell carcinoma","IGC","KIRC"
"AT","St. Joseph's Medical Center-(MD)","kidney papillary cell carcinoma","IGC","KIRP"
"AU","St. Joseph's Medical Center-(MD)","colon adenocarcinoma","IGC","COAD"
"AV","NCH","cell line control","NCH","cell line control"
"AW","Cureline","uterine corpus endometrioid carcinoma","NCH","UCEC"
"AX","Gynecologic Oncology Group","uterine corpus endometrioid carcinoma","NCH","UCEC"
"AY","UNC","colon adenocarcinoma","IGC","COAD"
"AZ","University of Pittsburgh","colon adenocarcinoma","IGC","COAD"
"B0","University of Pittsburgh","kidney clear cell carcinoma","IGC","KIRC"
"B1","University of Pittsburgh","kidney papillary cell carcinoma","IGC","KIRP"
"B2","Christiana Healthcare","kidney clear cell carcinoma","IGC","KIRC"
"B3","Christiana Healthcare","kidney papillary cell carcinoma","IGC","KIRP"
"B4","Cureline","kidney clear cell carcinoma","IGC","KIRC"
"B5","Duke","uterine corpus endometrioid carcinoma","NCH","UCEC"
"B6","Duke","breast invasive carcinoma","NCH","BRCA"
"B7","Cureline","stomach adenocarcinoma","IGC","STAD"
"B8","UNC","kidney clear cell carcinoma","IGC","KIRC"
"B9","UNC","kidney papillary cell carcinoma","IGC","KIRP"
"BA","UNC","head & neck squamous cell carcinoma","IGC","HNSC"
"BB","Johns Hopkins","head & neck squamous cell carcinoma","IGC","HNSC"
"BC","UNC","liver hepatocellular carcinoma","NCH","LIHC"
"BD","University of Pittsburgh","liver hepatocellular carcinoma","NCH","LIHC"
"BF","Cureline","skin cutaneous melanoma","NCH","SKCM"
"BG","University of Pittsburgh","uterine corpus endometrioid carcinoma","NCH","UCEC"
"BH","University of Pittsburgh","breast invasive carcinoma","NCH","BRCA"
"BI","University of Pittsburgh","cervical & endocervical cancer","NCH","CESC"
"BJ","University of Pittsburgh","thyroid carcinoma","IGC","THCA"
"BK","Christiana Healthcare","uterine corpus endometrioid carcinoma","NCH","UCEC"
"BL","Christiana Healthcare","bladder urothelial carcinoma","NCH","BLCA"
"BM","UNC","rectum adenocarcinoma","IGC","READ"
"BP","MSKCC","kidney clear cell carcinoma","IGC","KIRC"
"BQ","MSKCC","kidney papillary cell carcinoma","IGC","KIRP"
"BR","Asterand","stomach adenocarcinoma","IGC","STAD"
"BS","University of Hawaii","uterine corpus endometrioid carcinoma","NCH","UCEC"
"BT","University of Pittsburgh","bladder urothelial carcinoma","NCH","BLCA"
"BW","St. Joseph's Medical Center-(MD)","liver hepatocellular carcinoma","NCH","LIHC"
"C4","Indivumed","bladder urothelial carcinoma","NCH","BLCA"
"C5","Medical College of Wisconsin","cervical & endocervical cancer","NCH","CESC"
"C8","ILSBio","breast invasive carcinoma","NCH","BRCA"
"C9","ILSBio","head & neck squamous cell carcinoma","NCH","HNSC"
"CA","ILSBio","colon adenocarcinoma","IGC","COAD"
"CB","ILSBio","kidney clear cell carcinoma","IGC","KIRC"
"CC","ILSBio","liver hepatocellular carcinoma","NCH","LIHC"
"CD","ILSBio","stomach adenocarcinoma","IGC","STAD"
"CE","ILSBio","thyroid carcinoma","IGC","THCA"
"CF","ILSBio","bladder urothelial carcinoma","NCH","BLCA"
"CG","Indivumed","stomach adenocarcinoma","IGC","STAD"
"CH","Indivumed","prostate adenocarcinoma","IGC","PRAD"
"CI","University of Pittsburgh","rectum adenocarcinoma","IGC","READ"
"CJ","MD Anderson Cancer Center","kidney clear cell carcinoma","IGC","KIRC"
"CK","Harvard","colon adenocarcinoma","IGC","COAD"
"CL","Harvard","rectum adenocarcinoma","IGC","READ"
"CM","MSKCC","colon adenocarcinoma","IGC","COAD"
"CN","University of Pittsburgh","head & neck squamous cell carcinoma","IGC","HNSC"
"CQ","University Health Network, Toronto","head & neck squamous cell carcinoma","IGC","HNSC"
"CR","Vanderbilt University","head & neck squamous cell carcinoma","IGC","HNSC"
"CS","Thomas Jefferson University","brain lower grade glioma","IGC","LGG"
"CU","UNC","bladder urothelial carcinoma","NCH","BLCA"
"CV","MD Anderson Cancer Center","head & neck squamous cell carcinoma","IGC","HNSC"
"CW","Mayo Clinic - Rochester","kidney clear cell carcinoma","IGC","KIRC"
"CX","Medical College of Georgia","head & neck squamous cell carcinoma","IGC","HNSC"
"CZ","Harvard","kidney clear cell carcinoma","IGC","KIRC"
"D1","Mayo Clinic","uterine corpus endometrioid carcinoma","NCH","UCEC"
"D3","MD Anderson","skin cutaneous melanoma","NCH","SKCM"
"D5","Greater Poland Cancer Center","colon adenocarcinoma","IGC","COAD"
"D6","Greater Poland Cancer Center","head & neck squamous cell carcinoma","IGC","HNSC"
"D7","Greater Poland Cancer Center","stomach adenocarcinoma","IGC","STAD"
"D8","Greater Poland Cancer Center","breast invasive carcinoma","NCH","BRCA"
"D9","Greater Poland Cancer Center","skin cutaneous melanoma","NCH","SKCM"
"DA","Yale","skin cutaneous melanoma","NCH","SKCM"
"DB","Mayo Clinic - Rochester","brain lower grade glioma","IGC","LGG"
"DC","MSKCC","rectum adenocarcinoma","IGC","READ"
"DD","Mayo Clinic - Rochester","liver hepatocellular carcinoma","NCH","LIHC"
"DE","University of North Carolina","thyroid carcinoma","NCH","THCA"
"DF","Ontario Institute for Cancer Research","uterine corpus endometrioid carcinoma","NCH","UCEC"
"DG","Ontario Institute for Cancer Research","cervical & endocervical cancer","NCH","CESC"
"DH","University of Florida","brain lower grade glioma","IGC","LGG"
"DI","MD Anderson","uterine corpus endometrioid carcinoma","NCH","UCEC"
"DJ","Memorial Sloan Kettering","thyroid carcinoma","NCH","THCA"
"DK","Memorial Sloan Kettering","bladder urothelial carcinoma","NCH","BLCA"
"DM","University Of Michigan","colon adenocarcinoma","NCH","COAD"
"DO","Medical College of Georgia","thyroid carcinoma","NCH","THCA"
"DQ","University Of Michigan","head & neck squamous cell carcinoma","IGC","HNSC"
"DR","University of Hawaii","cervical & endocervical cancer","NCH","CESC"
"DS","Cedars Sinai","cervical & endocervical cancer","NCH","CESC"
"DT","ILSBio","rectum adenocarcinoma","IGC","READ"
"DU","Henry Ford Hospital","brain lower grade glioma","IGC","LGG"
"DV","NCI Urologic Oncology Branch","kidney clear cell carcinoma","IGC","KIRC"
"DW","NCI Urologic Oncology Branch","kidney papillary cell carcinoma","IGC","KIRP"
"DX","Memorial Sloan Kettering","sarcoma","NCH","SARC"
"DY","University Of Michigan","rectum adenocarcinoma","NCH","READ"
"DZ","Mayo Clinic - Rochester","kidney papillary cell carcinoma","IGC","KIRP"
"E1","Duke","brain lower grade glioma","IGC","LGG"
"E2","Roswell Park","breast invasive carcinoma","NCH","BRCA"
"E3","Roswell Park","thyroid carcinoma","NCH","THCA"
"E5","Roswell Park","bladder urothelial carcinoma","NCH","BLCA"
"E6","Roswell Park","uterine corpus endometrioid carcinoma","NCH","UCEC"
"E7","Asterand","bladder urothelial carcinoma","NCH","BLCA"
"E8","Asterand","thyroid carcinoma","NCH","THCA"
"E9","Asterand","breast invasive carcinoma","NCH","BRCA"
"EA","Asterand","cervical & endocervical cancer","NCH","CESC"
"EB","Asterand","skin cutaneous melanoma","NCH","SKCM"
"EC","Asterand","uterine corpus endometrioid carcinoma","NCH","UCEC"
"ED","Asterand","liver hepatocellular carcinoma","NCH","LIHC"
"EE","University of Sydney","skin cutaneous melanoma","NCH","SKCM"
"EF","Cureline","rectum adenocarcinoma","IGC","READ"
"EI","Greater Poland Cancer Center","rectum adenocarcinoma","IGC","READ"
"EJ","University of Pittsburgh","prostate adenocarcinoma","IGC","PRAD"
"EK","Gynecologic Oncology Group","cervical & endocervical cancer","NCH","CESC"
"EL","MD Anderson","thyroid carcinoma","NCH","THCA"
"EM","University Health Network","thyroid carcinoma","NCH","THCA"
"EO","University Health Network","uterine corpus endometrioid carcinoma","NCH","UCEC"
"EP","Christiana Healthcare","liver hepatocellular carcinoma","NCH","LIHC"
"EQ","Christiana Healthcare","stomach adenocarcinoma","IGC","STAD"
"ER","University of Pittsburgh","skin cutaneous melanoma","NCH","SKCM"
"ES","University of Florida","liver hepatocellular carcinoma","NCH","LIHC"
"ET","Johns Hopkins","thyroid carcinoma","NCH","THCA"
"EU","CHI-Penrose Colorado","kidney clear cell carcinoma","IGC","KIRC"
"EV","CHI-Penrose Colorado","kidney papillary cell carcinoma","IGC","KIRP"
"EW","University of Miami","breast invasive carcinoma","NCH","BRCA"
"EX","University of North Carolina","cervical & endocervical cancer","NCH","CESC"
"EY","University of North Carolina","uterine corpus endometrioid carcinoma","NCH","UCEC"
"EZ","UNC","brain lower grade glioma","IGC","LGG"
"F1","UNC","stomach adenocarcinoma","IGC","STAD"
"F2","UNC","pancreatic adenocarcinoma","IGC","PAAD"
"F4","Asterand","colon adenocarcinoma","IGC","COAD"
"F5","Asterand","rectum adenocarcinoma","IGC","READ"
"F6","Asterand","brain lower grade glioma","IGC","LGG"
"F7","Asterand","head & neck squamous cell carcinoma","IGC","HNSC"
"F9","Asterand","kidney papillary cell carcinoma","IGC","KIRP"
"FA","Asterand","diffuse large b-cell lymphoma","IGC","DLBC"
"FB","Asterand","pancreatic adenocarcinoma","IGC","PAAD"
"FC","Asterand","prostate adenocarcinoma","IGC","PRAD"
"FD","BLN - University Of Chicago","bladder urothelial carcinoma","NCH","BLCA"
"FE","Ohio State University","thyroid carcinoma","NCH","THCA"
"FF","SingHealth","diffuse large b-cell lymphoma","IGC","DLBC"
"FG","Case Western","brain lower grade glioma","IGC","LGG"
"FH","CHI-Penrose Colorado","thyroid carcinoma","NCH","THCA"
"FI","Washington University","uterine corpus endometrioid carcinoma","NCH","UCEC"
"FJ","BLN - Baylor","bladder urothelial carcinoma","NCH","BLCA"
"FK","Johns Hopkins","thyroid carcinoma","NCH","THCA"
"FL","University of Hawaii - Normal Study","uterine corpus endometrioid carcinoma","NCH","UCEC"
"FM","International Genomics Consortium","diffuse large b-cell lymphoma","IGC","DLBC"
"FN","International Genomics Consortium","brain lower grade glioma","IGC","LGG"
"FP","International Genomics Consortium","stomach adenocarcinoma","IGC","STAD"
"FQ","Johns Hopkins","pancreatic adenocarcinoma","IGC","PAAD"
"FR","University of North Carolina","skin cutaneous melanoma","NCH","SKCM"
"FS","Essen","skin cutaneous melanoma","NCH","SKCM"
"FT","BLN - University of Miami","bladder urothelial carcinoma","NCH","BLCA"
"FU","International Genomics Consortium","cervical & endocervical cancer","NCH","CESC"
"FV","International Genomics Consortium","liver hepatocellular carcinoma","NCH","LIHC"
"FW","International Genomics Consortium","skin cutaneous melanoma","NCH","SKCM"
"FX","International Genomics Consortium","sarcoma","NCH","SARC"
"FY","International Genomics Consortium","thyroid carcinoma","NCH","THCA"
"FZ","University of Pittsburgh","pancreatic adenocarcinoma","IGC","PAAD"
"G2","MD Anderson","bladder urothelial carcinoma","NCH","BLCA"
"G3","Alberta Health Services","liver hepatocellular carcinoma","NCH","LIHC"
"G4","Roswell Park","colon adenocarcinoma","IGC","COAD"
"G5","Roswell Park","rectum adenocarcinoma","IGC","READ"
"G6","Roswell Park","kidney clear cell carcinoma","IGC","KIRC"
"G7","Roswell Park","kidney papillary cell carcinoma","IGC","KIRP"
"G8","Roswell Park","diffuse large b-cell lymphoma","IGC","DLBC"
"G9","Roswell Park","prostate adenocarcinoma","IGC","PRAD"
"GC","International Genomics Consortium","bladder urothelial carcinoma","NCH","BLCA"
"GD","ABS - IUPUI","bladder urothelial carcinoma","NCH","BLCA"
"GE","ABS - IUPUI","thyroid carcinoma","NCH","THCA"
"GF","ABS - IUPUI","skin cutaneous melanoma","NCH","SKCM"
"GG","ABS - IUPUI","uterine corpus endometrioid carcinoma","NCH","UCEC"
"GH","ABS - IUPUI","cervical & endocervical cancer","NCH","CESC"
"GI","ABS - IUPUI","breast invasive carcinoma","NCH","BRCA"
"GJ","ABS - IUPUI","liver hepatocellular carcinoma","NCH","LIHC"
"GK","ABS - IUPUI","kidney clear cell carcinoma","IGC","KIRC"
"GL","ABS - IUPUI","kidney papillary cell carcinoma","IGC","KIRP"
"GM","MD Anderson","breast invasive carcinoma","NCH","BRCA"
"GN","Roswell","skin cutaneous melanoma","NCH","SKCM"
"GP","MD Anderson","acute myeloid leukemia","NCH","LAML"
"GR","University of Nebraska Medical Center (UNMC)","diffuse large b-cell lymphoma","IGC","DLBC"
"GS","Fundacio Clinic per a la Recerca Biomedica","diffuse large b-cell lymphoma","IGC","DLBC"
"GU","BLN - UT Southwestern Medical Center at Dallas","bladder urothelial carcinoma","NCH","BLCA"
"GV","BLN - Cleveland Clinic","bladder urothelial carcinoma","NCH","BLCA"
"GZ","BC Cancer Agency","diffuse large b-cell lymphoma","IGC","DLBC"
"H1","Medical College of Georgia","stomach adenocarcinoma","IGC","STAD"
"H2","Christiana Healthcare","thyroid carcinoma","NCH","THCA"
"H3","ABS - IUPUI","diffuse large b-cell lymphoma","IGC","DLBC"
"H4","Medical College of Georgia","bladder urothelial carcinoma","NCH","BLCA"
"H5","Medical College of Georgia","uterine corpus endometrioid carcinoma","NCH","UCEC"
"H6","Christiana Healthcare","pancreatic adenocarcinoma","IGC","PAAD"
"H7","ABS - IUPUI","head & neck squamous cell carcinoma","IGC","HNSC"
"H8","ABS - IUPUI","pancreatic adenocarcinoma","IGC","PAAD"
"H9","ABS - IUPUI","prostate adenocarcinoma","IGC","PRAD"
"HA","Alberta Health Services","stomach adenocarcinoma","IGC","STAD"
"HB","University of North Carolina","sarcoma","NCH","SARC"
"HC","International Genomics Consortium","prostate adenocarcinoma","IGC","PRAD"
"HD","International Genomics Consortium","head & neck squamous cell carcinoma","IGC","HNSC"
"HE","Ontario Institute for Cancer Research (OICR)","kidney papillary cell carcinoma","IGC","KIRP"
"HF","Ontario Institute for Cancer Research (OICR)","stomach adenocarcinoma","IGC","STAD"
"HG","Roswell Park","cervical & endocervical cancer","NCH","CESC"
"HH","Fox Chase","stomach adenocarcinoma","IGC","STAD"
"HI","Fox Chase","prostate adenocarcinoma","IGC","PRAD"
"HJ","Fox Chase","stomach adenocarcinoma","IGC","STAD"
"HK","Fox Chase","brain lower grade glioma","IGC","LGG"
"HL","Fox Chase","head & neck squamous cell carcinoma","IGC","HNSC"
"HM","Christiana Healthcare","cervical & endocervical cancer","NCH","CESC"
"HN","Ontario Institute for Cancer Research (OICR)","breast invasive carcinoma","NCH","BRCA"
"HP","Ontario Institute for Cancer Research (OICR)","liver hepatocellular carcinoma","NCH","LIHC"
"HQ","Ontario Institute for Cancer Research (OICR)","bladder urothelial carcinoma","NCH","BLCA"
"HR","Ontario Institute for Cancer Research (OICR)","skin cutaneous melanoma","NCH","SKCM"
"HS","Ontario Institute for Cancer Research (OICR)","sarcoma","NCH","SARC"
"HT","Case Western - St Joes","brain lower grade glioma","IGC","LGG"
"HU","National Cancer Center Korea","stomach adenocarcinoma","IGC","STAD"
"HV","National Cancer Center Korea","pancreatic adenocarcinoma","IGC","PAAD"
"HW","MSKCC","brain lower grade glioma","IGC","LGG"
"HZ","International Genomics Consortium","pancreatic adenocarcinoma","IGC","PAAD"
"IA","Cleveland Clinic","kidney papillary cell carcinoma","IGC","KIRP"
"IB","Alberta Health Services","pancreatic adenocarcinoma","IGC","PAAD"
"IC","University of Pittsburgh","esophageal carcinoma","NCH","ESCA"
"IE","ABS - IUPUI","sarcoma","NCH","SARC"
"IF","University of Texas MD Anderson Cancer Center","sarcoma","NCH","SARC"
"IG","Asterand","esophageal carcinoma","NCH","ESCA"
"IH","University of Miami","skin cutaneous melanoma","NCH","SKCM"
"IJ","Christiana Healthcare","acute myeloid leukemia","NCH","LAML"
"IK","Christiana Healthcare","brain lower grade glioma","IGC","LGG"
"IM","University of Miami","thyroid carcinoma","NCH","THCA"
"IN","University of Pittsburgh","stomach adenocarcinoma","IGC","STAD"
"IP","ABS - IUPUI","stomach adenocarcinoma","IGC","STAD"
"IQ","University of Miami","head & neck squamous cell carcinoma","IGC","HNSC"
"IR","Memorial Sloan Kettering","cervical & endocervical cancer","NCH","CESC"
"IS","Memorial Sloan Kettering","sarcoma","NCH","SARC"
"IW","Cedars Sinai","sarcoma","NCH","SARC"
"IZ","ABS - Lahey Clinic","kidney papillary cell carcinoma","IGC","KIRP"
"J1","ABS - Lahey Clinic","lung squamous cell carcinoma","IGC","LUSC"
"J2","ABS - Lahey Clinic","lung adenocarcinoma","IGC","LUAD"
"J4","ABS - Lahey Clinic","prostate adenocarcinoma","IGC","PRAD"
"J7","ILSBio","kidney papillary cell carcinoma","IGC","KIRP"
"J8","Mayo Clinic","thyroid carcinoma","NCH","THCA"
"J9","Melbourne Health","prostate adenocarcinoma","IGC","PRAD"
"JA","ABS - Research Metrics Pakistan","head & neck squamous cell carcinoma","IGC","HNSC"
"JL","ABS - Research Metrics Pakistan","breast invasive carcinoma","NCH","BRCA"
"JU","BLN - Baylor","uterine corpus endometrioid carcinoma","NCH","UCEC"
"JV","BLN - Baylor","sarcoma","NCH","SARC"
"JW","BLN - Baylor","cervical & endocervical cancer","NCH","CESC"
"JX","Washington University","cervical & endocervical cancer","NCH","CESC"
"JY","University Health Network","esophageal carcinoma","NCH","ESCA"
"JZ","University of Rochester","esophageal carcinoma","NCH","ESCA"
"K1","University of Pittsburgh","sarcoma","NCH","SARC"
"K4","ABS - Lahey Clinic","bladder urothelial carcinoma","NCH","BLCA"
"K6","ABS - Lahey Clinic","uterine corpus endometrioid carcinoma","NCH","UCEC"
"K7","ABS - Lahey Clinic","liver hepatocellular carcinoma","NCH","LIHC"
"K8","ABS - Lahey Clinic","skin cutaneous melanoma","NCH","SKCM"
"KA","ABS - Lahey Clinic","esophageal carcinoma","NCH","ESCA"
"KB","University Health Network, Toronto","stomach adenocarcinoma","IGC","STAD"
"KC","Cornell Medical College","prostate adenocarcinoma","IGC","PRAD"
"KD","Mount Sinai School of Medicine","sarcoma","NCH","SARC"
"KE","Mount Sinai School of Medicine","uterine corpus endometrioid carcinoma","NCH","UCEC"
"KF","Christiana Healthcare","sarcoma","NCH","SARC"
"KG","Baylor Network","pancreatic adenocarcinoma","IGC","PAAD"
"KH","Memorial Sloan Kettering","esophageal carcinoma","NCH","ESCA"
"KJ","University of Miami","uterine corpus endometrioid carcinoma","NCH","UCEC"
"KK","MD Anderson Cancer Center","prostate adenocarcinoma","IGC","PRAD"
"KL","MSKCC","kidney chromophobe","IGC","KICH"
"KM","NCI Urologic Oncology Branch","kidney chromophobe","IGC","KICH"
"KN","Harvard","kidney chromophobe","IGC","KICH"
"KO","MD Anderson Cancer Center","kidney chromophobe","IGC","KICH"
"KP","British Columbia Cancer Agency","uterine corpus endometrioid carcinoma","NCH","UCEC"
"KQ","Cornell Medical College","bladder urothelial carcinoma","NCH","BLCA"
"KR","University Of Michigan","liver hepatocellular carcinoma","NCH","LIHC"
"KS","University Of Michigan","thyroid carcinoma","NCH","THCA"
"KT","Hartford","brain lower grade glioma","IGC","LGG"
"KU","Hartford","head & neck squamous cell carcinoma","IGC","HNSC"
"KV","Hartford","kidney papillary cell carcinoma","IGC","KIRP"
"KZ","Hartford","stomach adenocarcinoma","IGC","STAD"
"L1","Hartford","pancreatic adenocarcinoma","IGC","PAAD"
"L3","Gundersen Lutheran Health System","lung squamous cell carcinoma","IGC","LUSC"
"L4","Gundersen Lutheran Health System","lung adenocarcinoma","IGC","LUAD"
"L5","University of Michigan","esophageal carcinoma","NCH","ESCA"
"L6","National Institutes of Health","thyroid carcinoma","NCH","THCA"
"L7","Christiana Care","esophageal carcinoma","NCH","ESCA"
"L8","University of Miami","kidney papillary cell carcinoma","NCH","KIRP"
"L9","Candler","lung adenocarcinoma","IGC","LUAD"
"LA","Candler","lung squamous cell carcinoma","IGC","LUSC"
"LB","Candler","pancreatic adenocarcinoma","IGC","PAAD"
"LC","Hartford Hospital","bladder urothelial carcinoma","NCH","BLCA"
"LD","Hartford Hospital","breast invasive carcinoma","NCH","BRCA"
"LG","Hartford Hospital","liver hepatocellular carcinoma","NCH","LIHC"
"LH","Hartford Hospital","skin cutaneous melanoma","NCH","SKCM"
"LI","Hartford Hospital","sarcoma","NCH","SARC"
"LK","University of Pittsburgh","mesothelioma","NCH","MESO"
"LL","Candler","breast invasive carcinoma","NCH","BRCA"
"LN","ILSBIO","esophageal carcinoma","NCH","ESCA"
"LP","ILSBIO","cervical & endocervical cancer","NCH","CESC"
"LQ","Gundersen Lutheran Health System","breast invasive carcinoma","NCH","BRCA"
"LS","Gundersen Lutheran Health System","cervical & endocervical cancer","NCH","CESC"
"LT","Gundersen Lutheran Health System","bladder urothelial carcinoma","NCH","BLCA"
"M7","University of North Carolina","prostate adenocarcinoma","NCH","PRAD"
"M8","Ontario Institute for Cancer Research (OICR)","pancreatic adenocarcinoma","NCH","PAAD"
"M9","Ontario Institute for Cancer Research (OICR)","esophageal carcinoma","NCH","ESCA"
"MA","MD Anderson Cancer Center","cervical & endocervical cancer","NCH","CESC"
"MB","University of Minnesota","sarcoma","NCH","SARC"
"ME","University of Minnesota","lung adenocarcinoma","NCH","LUAD"
"MF","University of Minnesota","lung squamous cell carcinoma","NCH","LUSC"
"MG","BLN - Baylor","prostate adenocarcinoma","NCH","PRAD"
"MH","BLN - Baylor","kidney papillary cell carcinoma","NCH","KIRP"
"MI","BLN - Baylor","liver hepatocellular carcinoma","NCH","LIHC"
"MJ","BLN - Baylor","sarcoma","NCH","SARC"
"MK","BLN - Baylor","thyroid carcinoma","NCH","THCA"
"ML","BLN - Baylor","lung squamous cell carcinoma","NCH","LUSC"
"MM","BLN - Baylor","kidney clear cell carcinoma","NCH","KIRC"
"MN","BLN - Baylor","lung adenocarcinoma","NCH","LUAD"
"MO","ILSBio","sarcoma","NCH","SARC"
"MP","Washington University - Mayo Clinic","lung adenocarcinoma","NCH","LUAD"
"MQ","Washington University - NYU","mesothelioma","NCH","MESO"
"MR","University of Minnesota","liver hepatocellular carcinoma","NCH","LIHC"
"MS","University of Minnesota","breast invasive carcinoma","NCH","BRCA"
"MT","University of Minnesota","head & neck squamous cell carcinoma","NCH","HNSC"
"MU","University of Minnesota","cervical & endocervical cancer","NCH","CESC"
"MV","University of Minnesota","bladder urothelial carcinoma","NCH","BLCA"
"MW","University of Miami","kidney clear cell carcinoma","NCH","KIRC"
"MX","MSKCC","stomach adenocarcinoma","NCH","STAD"
"MY","Montefiore Medical Center","cervical & endocervical cancer","NCH","CESC"
"MZ","Montefiore Medical Center","head & neck squamous cell carcinoma","NCH","HNSC"
"N1","Montefiore Medical Center","sarcoma","NCH","SARC"
"N5","MSKCC","uterine carcinosarcoma","NCH","UCS"
"N6","University of Pittsburgh","uterine carcinosarcoma","NCH","UCS"
"N7","Washington University","uterine carcinosarcoma","NCH","UCS"
"N8","University of North Carolina","uterine carcinosarcoma","NCH","UCS"
"N9","MD Anderson","uterine carcinosarcoma","NCH","UCS"
"NA","Duke University","uterine carcinosarcoma","NCH","UCS"
"NB","Washington University - CHUV","lung adenocarcinoma","NCH","LUAD"
"NC","Washington University - CHUV","lung squamous cell carcinoma","NCH","LUSC"
"ND","Cedars Sinai","uterine carcinosarcoma","NCH","UCS"
"NF","Mayo Clinic - Rochester","uterine carcinosarcoma","NCH","UCS"
"NG","Roswell Park","uterine carcinosarcoma","NCH","UCS"
"NH","Candler","colon adenocarcinoma","NCH","COAD"
"NI","Roswell Park","liver hepatocellular carcinoma","NCH","LIHC"
"NJ","Washington University - Rush University","lung adenocarcinoma","NCH","LUAD"
"NK","Washington University - Rush University","lung squamous cell carcinoma","NCH","LUSC"
"NM","Cambridge BioSource","head & neck squamous cell carcinoma","NCH","HNSC"
"NP","International Genomics Consortium","kidney chromophobe","NCH","KICH"
"NQ","International Genomics Consortium","mesothelioma","NCH","MESO"
"NS","Gundersen Lutheran Health System","skin cutaneous melanoma","NCH","SKCM"
"O1","Washington University - CALGB","lung adenocarcinoma","NCH","LUAD"
"O2","Washington University - CALGB","lung squamous cell carcinoma","NCH","LUSC"
"O8","Saint Mary's Health Care","liver hepatocellular carcinoma","NCH","LIHC"
"O9","Saint Mary's Health Care","kidney papillary cell carcinoma","NCH","KIRP"
"OC","Saint Mary's Health Care","lung squamous cell carcinoma","NCH","LUSC"
"OD","Saint Mary's Health Care","skin cutaneous melanoma","NCH","SKCM"
"OE","Saint Mary's Health Care","pancreatic adenocarcinoma","NCH","PAAD"
"OJ","Saint Mary's Health Care","thyroid carcinoma","NCH","THCA"
"OK","Mount Sinai School of Medicine","breast invasive carcinoma","NCH","BRCA"
"OL","University of Chicago","breast invasive carcinoma","NCH","BRCA"
"OR","University of Michigan","adrenocortical cancer","NCH","ACC"
"OU","Roswell Park","adrenocortical cancer","NCH","ACC"
"OW","International Genomics Consortium","miscellaneous","NCH","miscellaneous"
"OX","University of North Carolina","glioblastoma multiforme","NCH","GBM"
"OY","University of North Carolina","ovarian serous cystadenocarcinoma","NCH","OV"
"P3","Fred Hutchinson","head & neck squamous cell carcinoma","NCH","HNSC"
"P4","MD Anderson Cancer Center","kidney papillary cell carcinoma","NCH","KIRP"
"P5","Cureline","brain lower grade glioma","NCH","LGG"
"P6","Translational Genomics Research Institute","adrenocortical cancer","NCH","ACC"
"P7","Translational Genomics Research Institute","pheochromocytoma & paraganglioma","NCH","PCPG"
"P8","University of Pittsburgh","pheochromocytoma & paraganglioma","NCH","PCPG"
"P9","University of Minnesota","pancreatic adenocarcinoma","NCH","PAAD"
"PA","University of Minnesota","adrenocortical cancer","NCH","ACC"
"PB","University of Minnesota","diffuse large b-cell lymphoma","NCH","DLBC"
"PC","Fox Chase","sarcoma","NCH","SARC"
"PD","Fox Chase","liver hepatocellular carcinoma","NCH","LIHC"
"PE","Fox Chase","breast invasive carcinoma","NCH","BRCA"
"PG","Montefiore Medical Center","uterine corpus endometrioid carcinoma","NCH","UCEC"
"PH","Gundersen Lutheran","acute myeloid leukemia","NCH","LAML"
"PJ","Gundersen Lutheran","kidney papillary cell carcinoma","NCH","KIRP"
"PK","University Health Network","adrenocortical cancer","NCH","ACC"
"PL","Institute of Human Virology Nigeria","breast invasive carcinoma","NCH","BRCA"
"PN","Institute of Human Virology Nigeria","cervical & endocervical cancer","NCH","CESC"
"PQ","University of Colorado Denver","bladder urothelial carcinoma","NCH","BLCA"
"PR","Roswell Park","pheochromocytoma & paraganglioma","NCH","PCPG"
"PT","Maine Medical Center","sarcoma","NCH","SARC"
"PZ","ABS - Lahey Clinic","pancreatic adenocarcinoma","NCH","PAAD"
"Q1","University of Oklahoma HSC","cervical & endocervical cancer","NCH","CESC"
"Q2","University of Oklahoma HSC","kidney papillary cell carcinoma","NCH","KIRP"
"Q3","University of Oklahoma HSC","pancreatic adenocarcinoma","NCH","PAAD"
"Q4","Emory University","acute myeloid leukemia","NCH","LAML"
"Q9","Emory University","esophageal carcinoma","NCH","ESCA"
"QA","Emory University","liver hepatocellular carcinoma","NCH","LIHC"
"QB","Emory University","skin cutaneous melanoma","NCH","SKCM"
"QC","Emory University","sarcoma","NCH","SARC"
"QD","Emory University","thyroid carcinoma","NCH","THCA"
"QF","BLN - Baylor","uterine corpus endometrioid carcinoma","NCH","UCEC"
"QG","BLN - Baylor","colon adenocarcinoma","NCH","COAD"
"QH","Fondazione-Besta","brain lower grade glioma","NCH","LGG"
"QJ","Mount Sinai School of Medicine","ovarian serous cystadenocarcinoma","NCH","OV"
"QK","Emory University - Winship Cancer Inst.","head & neck squamous cell carcinoma","NCH","HNSC"
"QL","University of Chicago","colon adenocarcinoma","NCH","COAD"
"QM","University of Oklahoma HSC","uterine carcinosarcoma","NCH","UCS"
"QN","ILSBio","uterine carcinosarcoma","NCH","UCS"
"QQ","Roswell Park","sarcoma","NCH","SARC"
"QR","National Institutes of Health","pheochromocytoma & paraganglioma","NCH","PCPG"
"QS","Candler","uterine corpus endometrioid carcinoma","NCH","UCEC"
"QT","University of North Carolina","pheochromocytoma & paraganglioma","NCH","PCPG"
"QU","Harvard Beth Israel","prostate adenocarcinoma","NCH","PRAD"
"QV","Instituto Nacional de Cancerologia","cervical & endocervical cancer","NCH","CESC"
"QW","Instituto Nacional de Cancerologia","stomach adenocarcinoma","NCH","STAD"
"R1","CHI-Penrose Colorado","colon adenocarcinoma","NCH","COAD"
"R2","CHI-Penrose Colorado","cervical & endocervical cancer","NCH","CESC"
"R3","CHI-Penrose Colorado","bladder urothelial carcinoma","NCH","BLCA"
"R5","MD Anderson Cancer Center","stomach adenocarcinoma","NCH","STAD"
"R6","MD Anderson Cancer Center","esophageal carcinoma","NCH","ESCA"
"R7","Gundersen Lutheran Health System","head & neck squamous cell carcinoma","NCH","HNSC"
"R8","MD Anderson","brain lower grade glioma","NCH","LGG"
"R9","Candler","ovarian serous cystadenocarcinoma","NCH","OV"
"RA","Candler","cervical & endocervical cancer","NCH","CESC"
"RB","Emory University","pancreatic adenocarcinoma","NCH","PAAD"
"RC","University of Utah","liver hepatocellular carcinoma","NCH","LIHC"
"RD","Peter MacCallum Cancer Center","stomach adenocarcinoma","NCH","STAD"
"RE","Peter MacCallum Cancer Center","esophageal carcinoma","NCH","ESCA"
"RG","Montefiore Medical Center","liver hepatocellular carcinoma","NCH","LIHC"
"RH","BLN - Baylor","head & neck squamous cell carcinoma","NCH","HNSC"
"RL","St. Joseph's Hospital AZ","pancreatic adenocarcinoma","NCH","PAAD"
"RM","St. Joseph's Hospital AZ","pheochromocytoma & paraganglioma","NCH","PCPG"
"RN","St. Joseph's Hospital AZ","sarcoma","NCH","SARC"
"RP","St. Joseph's Hospital AZ","skin cutaneous melanoma","NCH","SKCM"
"RQ","St. Joseph's Hospital AZ","diffuse large b-cell lymphoma","NCH","DLBC"
"RR","St. Joseph's Hospital AZ","glioblastoma multiforme","NCH","GBM"
"RS","Memorial Sloan Kettering Cancer Center","head & neck squamous cell carcinoma","NCH","HNSC"
"RT","Cleveland Clinic Foundation","pheochromocytoma & paraganglioma","NCH","PCPG"
"RU","Northwestern University","colon adenocarcinoma","NCH","COAD"
"RV","Northwestern University","pancreatic adenocarcinoma","NCH","PAAD"
"RW","Michigan University","pheochromocytoma & paraganglioma","NCH","PCPG"
"RX","University of Minnesota","pheochromocytoma & paraganglioma","NCH","PCPG"
"RY","University of California San Francisco","brain lower grade glioma","NCH","LGG"
"RZ","Wills Eye Institute","uveal melanoma","NCH","UVM"
"S2","Albert Einstein Medical Center","lung adenocarcinoma","NCH","LUAD"
"S3","Albert Einstein Medical Center","breast invasive carcinoma","NCH","BRCA"
"S4","University of Chicago","pancreatic adenocarcinoma","NCH","PAAD"
"S5","University of Oklahoma HSC","bladder urothelial carcinoma","NCH","BLCA"
"S6","Gundersen Lutheran Health System","testicular germ cell tumor","NCH","TGCT"
"S7","University Hospital Motol","pheochromocytoma & paraganglioma","NCH","PCPG"
"S8","ABS - IUPUI","esophageal carcinoma","NCH","ESCA"
"S9","Dept of Neurosurgery at University of Heidelberg","brain lower grade glioma","NCH","LGG"
"SA","ABS - IUPUI","pheochromocytoma & paraganglioma","NCH","PCPG"
"SB","Baylor College of Medicine","testicular germ cell tumor","NCH","TGCT"
"SC","Memorial Sloan Kettering","mesothelioma","NCH","MESO"
"SD","MD Anderson","pancreatic adenocarcinoma","NCH","PAAD"
"SE","Boston Medical Center","pheochromocytoma & paraganglioma","NCH","PCPG"
"SG","Cleveland Clinic Foundation","sarcoma","NCH","SARC"
"SH","Papworth Hospital","mesothelioma","NCH","MESO"
"SI","Washington University St. Louis","sarcoma","NCH","SARC"
"SJ","Albert Einstein Medical Center","uterine corpus endometrioid carcinoma","NCH","UCEC"
"SK","St. Joseph's Hospital AZ","colon adenocarcinoma","NCH","COAD"
"SL","St. Joseph's Hospital AZ","uterine corpus endometrioid carcinoma","NCH","UCEC"
"SN","BLN - Baylor","testicular germ cell tumor","NCH","TGCT"
"SO","University of Minnesota","testicular germ cell tumor","NCH","TGCT"
"SP","University Health Network","pheochromocytoma & paraganglioma","NCH","PCPG"
"SQ","International Genomics Consortium","pheochromocytoma & paraganglioma","NCH","PCPG"
"SR","Tufts Medical Center","pheochromocytoma & paraganglioma","NCH","PCPG"
"SS","Medical College of Georgia","colon adenocarcinoma","NCH","COAD"
"ST","Global Bioclinical-Moldova","head & neck squamous cell carcinoma","NCH","HNSC"
"SU","Global Bioclinical-Moldova","prostate adenocarcinoma","NCH","PRAD"
"SW","Global Bioclinical-Moldova","stomach adenocarcinoma","NCH","STAD"
"SX","Mayo Clinic Arizona","kidney papillary cell carcinoma","NCH","KIRP"
"SY","Mayo Clinic Arizona","bladder urothelial carcinoma","NCH","BLCA"
"T1","St. Joseph's Hospital Arizona","liver hepatocellular carcinoma","NCH","LIHC"
"T2","St. University of Colorado Denver","head & neck squamous cell carcinoma","NCH","HNSC"
"T3","Molecular Response","head & neck squamous cell carcinoma","NCH","HNSC"
"T6","Molecular Response","lung adenocarcinoma","NCH","LUAD"
"T7","Molecular Response","kidney clear cell carcinoma","NCH","KIRC"
"T9","Molecular Response","colon adenocarcinoma","NCH","COAD"
"TE","Global BioClinical - Georgia","skin cutaneous melanoma","NCH","SKCM"
"TG","Global BioClinical - Georgia","head & neck squamous cell carcinoma","NCH","HNSC"
"TK","Global BioClinical - Georgia","prostate adenocarcinoma","NCH","PRAD"
"TL","Global BioClinical - Georgia","stomach adenocarcinoma","NCH","STAD"
"TM","The University of New South Wales","brain lower grade glioma","NCH","LGG"
"TN","Ohio State University","head & neck squamous cell carcinoma","NCH","HNSC"
"TP","Maine Medical Center","prostate adenocarcinoma","NCH","PRAD"
"TQ","University of Sao Paulo","brain lower grade glioma","NCH","LGG"
"TR","Global Bioclinical-Moldova","skin cutaneous melanoma","NCH","SKCM"
"TS","University of Pennsylvania","mesothelioma","NCH","MESO"
"TT","University of Pennsylvania","pheochromocytoma & paraganglioma","NCH","PCPG"
"TV","Wake Forest University","breast invasive carcinoma","NCH","BRCA"
"UB","UCSF","liver hepatocellular carcinoma","NCH","LIHC"
"UC","University of Washington","cervical & endocervical cancer","NCH","CESC"
"UD","University of Western Australia","mesothelioma","NCH","MESO"
"UE","Asterand","sarcoma","NCH","SARC"
"UF","Barretos Cancer Hospital","head & neck squamous cell carcinoma","NCH","HNSC"
"UJ","Boston Medical Center","lung squamous cell carcinoma","NCH","LUSC"
"UL","Boston Medical Center","breast invasive carcinoma","NCH","BRCA"
"UN","Boston Medical Center","kidney papillary cell carcinoma","NCH","KIRP"
"UP","Boston Medical Center","head & neck squamous cell carcinoma","NCH","HNSC"
"UR","Boston Medical Center","prostate adenocarcinoma","NCH","PRAD"
"US","Garvan Institute of Medical Research","pancreatic adenocarcinoma","NCH","PAAD"
"UT","Asbestos Diseases Research Institute","mesothelioma","NCH","MESO"
"UU","Mary Bird Perkins Cancer Center - Our Lady of the Lake","breast invasive carcinoma","NCH","BRCA"
"UV","Capital Biosciences","liver hepatocellular carcinoma","NCH","LIHC"
"UW","University of North Carolina","kidney chromophobe","NCH","KICH"
"UY","University of California San Francisco","bladder urothelial carcinoma","NCH","BLCA"
"UZ","University of California San Francisco","kidney papillary cell carcinoma","NCH","KIRP"
"V1","University of California San Francisco","prostate adenocarcinoma","NCH","PRAD"
"V2","Cleveland Clinic Foundation","prostate adenocarcinoma","NCH","PRAD"
"V3","Cleveland Clinic Foundation","uveal melanoma","NCH","UVM"
"V4","Institut Curie","uveal melanoma","NCH","UVM"
"V5","Duke University","esophageal carcinoma","NCH","ESCA"
"V6","Duke University","stomach adenocarcinoma","NCH","STAD"
"V7","Medical College of Georgia","breast invasive carcinoma","NCH","BRCA"
"V8","Medical College of Georgia","kidney clear cell carcinoma","NCH","KIRC"
"V9","Medical College of Georgia","kidney papillary cell carcinoma","NCH","KIRP"
"VA","Alliance","stomach adenocarcinoma","NCH","STAD"
"VB","Global BioClinical - Georgia","diffuse large b-cell lymphoma","NCH","DLBC"
"VD","University of Liverpool","uveal melanoma","NCH","UVM"
"VF","University of Pennsylvania","testicular germ cell tumor","NCH","TGCT"
"VG","Institute of Human Virology Nigeria","ovarian serous cystadenocarcinoma","NCH","OV"
"VK","Institute of Human Virology Nigeria","colon adenocarcinoma","NCH","COAD"
"VL","Institute of Human Virology Nigeria","rectum adenocarcinoma","NCH","READ"
"VM","Huntsman Cancer Institute","brain lower grade glioma","NCH","LGG"
"VN","NCI Urologic Oncology Branch","prostate adenocarcinoma","NCH","PRAD"
"VP","Washington University","prostate adenocarcinoma","NCH","PRAD"
"VQ","Barretos Cancer Hospital","stomach adenocarcinoma","NCH","STAD"
"VR","Barretos Cancer Hospital","esophageal carcinoma","NCH","ESCA"
"VS","Barretos Cancer Hospital","cervical & endocervical cancer","NCH","CESC"
"VT","Vanderbilt","sarcoma","NCH","SARC"
"VV","John Wayne Cancer Center","brain lower grade glioma","NCH","LGG"
"VW","Northwestern University","brain lower grade glioma","NCH","LGG"
"VX","Northwestern University","stomach adenocarcinoma","NCH","STAD"
"VZ","Albert Einstein Medical Center","pheochromocytoma & paraganglioma","NCH","PCPG"
"W2","Medical College of Wisconsin","pheochromocytoma & paraganglioma","NCH","PCPG"
"W3","John Wayne Cancer Center","skin cutaneous melanoma","NCH","SKCM"
"W4","University of North Carolina","testicular germ cell tumor","NCH","TGCT"
"W5","Mayo Clinic Rochester","cholangiocarcinoma","NCH","CHOL"
"W6","UCSF","cholangiocarcinoma","NCH","CHOL"
"W7","Garvan Institute of Medical Research","cholangiocarcinoma","NCH","CHOL"
"W8","Greenville Health System","breast invasive carcinoma","NCH","BRCA"
"W9","University of Kansas","brain lower grade glioma","NCH","LGG"
"WA","University of Schleswig-Holstein","head & neck squamous cell carcinoma","NCH","HNSC"
"WB","Erasmus MC","pheochromocytoma & paraganglioma","NCH","PCPG"
"WC","MD Anderson","uveal melanoma","NCH","UVM"
"WD","Emory University","cholangiocarcinoma","NCH","CHOL"
"WE","Norfolk and Norwich Hospital","skin cutaneous melanoma","NCH","SKCM"
"WF","Greenville Health System","pancreatic adenocarcinoma","NCH","PAAD"
"WG","Greenville Health System","lung squamous cell carcinoma","NCH","LUSC"
"WH","Greenville Health System","brain lower grade glioma","NCH","LGG"
"WJ","Greenville Health System","liver hepatocellular carcinoma","NCH","LIHC"
"WK","Brigham and Women's Hospital","sarcoma","NCH","SARC"
"WL","University of Kansas","cervical & endocervical cancer","NCH","CESC"
"WM","University of Kansas","kidney clear cell carcinoma","NCH","KIRC"
"WN","University of Kansas","kidney papillary cell carcinoma","NCH","KIRP"
"WP","University of Kansas","sarcoma","NCH","SARC"
"WQ","University of Kansas","liver hepatocellular carcinoma","NCH","LIHC"
"WR","University of Kansas","ovarian serous cystadenocarcinoma","NCH","OV"
"WS","University of Kansas","colon adenocarcinoma","NCH","COAD"
"WT","University of Kansas","breast invasive carcinoma","NCH","BRCA"
"WU","Wake Forest University","colon adenocarcinoma","NCH","COAD"
"WW","Wake Forest University","prostate adenocarcinoma","NCH","PRAD"
"WX","Yale University","liver hepatocellular carcinoma","NCH","LIHC"
"WY","Johns Hopkins","brain lower grade glioma","NCH","LGG"
"WZ","International Genomics Consortium","testicular germ cell tumor","NCH","TGCT"
"X2","University of Washington","sarcoma","NCH","SARC"
"X3","Cleveland Clinic Foundation","testicular germ cell tumor","NCH","TGCT"
"X4","Institute for Medical Research","prostate adenocarcinoma","NCH","PRAD"
"X5","Institute of Human Virology Nigeria","bladder urothelial carcinoma","NCH","BLCA"
"X6","University of Iowa","sarcoma","NCH","SARC"
"X7","ABS IUPUI","thymoma","NCH","THYM"
"X8","St. Joseph's Hospital Arizona","esophageal carcinoma","NCH","ESCA"
"X9","University of California, Davis","sarcoma","NCH","SARC"
"XA","University of Minnesota","prostate adenocarcinoma","NCH","PRAD"
"XB","Albert Einstein Medical Center","esophageal carcinoma","NCH","ESCA"
"XC","Albert Einstein Medical Center","lung squamous cell carcinoma","NCH","LUSC"
"XD","Providence Portland Medical Center","pancreatic adenocarcinoma","NCH","PAAD"
"XE","University of Southern California","testicular germ cell tumor","NCH","TGCT"
"XF","University of Southern California","bladder urothelial carcinoma","NCH","BLCA"
"XG","BLN UT Southwestern Medical Center at Dallas","pheochromocytoma & paraganglioma","NCH","PCPG"
"XH","BLN Baylor","thymoma","NCH","THYM"
"XJ","University of Kansas","prostate adenocarcinoma","NCH","PRAD"
"XK","Mayo Clinic Arizona","prostate adenocarcinoma","NCH","PRAD"
"XM","MSKCC","thymoma","NCH","THYM"
"XN","University of Sao Paulo","pancreatic adenocarcinoma","NCH","PAAD"
"XP","University of Sao Paulo","esophageal carcinoma","NCH","ESCA"
"XQ","University of Sao Paulo","prostate adenocarcinoma","NCH","PRAD"
"XR","University of Sao Paulo","liver hepatocellular carcinoma","NCH","LIHC"
"XS","University of Sao Paulo","cervical & endocervical cancer","NCH","CESC"
"XT","Johns Hopkins","mesothelioma","NCH","MESO"
"XU","University Health Network","thymoma","NCH","THYM"
"XV","Capital Biosciences","skin cutaneous melanoma","NCH","SKCM"
"XX","Spectrum Health","breast invasive carcinoma","NCH","BRCA"
"XY","Spectrum Health","testicular germ cell tumor","NCH","TGCT"
"Y3","University of New Mexico","acute myeloid leukemia","NCH","LAML"
"Y5","University of Arizona","sarcoma","NCH","SARC"
"Y6","University of Arizona","prostate adenocarcinoma","NCH","PRAD"
"Y8","Spectrum Health","kidney papillary cell carcinoma","NCH","KIRP"
"YA","Spectrum Health","liver hepatocellular carcinoma","NCH","LIHC"
"YB","Spectrum Health","pancreatic adenocarcinoma","NCH","PAAD"
"YC","Spectrum Health","bladder urothelial carcinoma","NCH","BLCA"
"YD","Spectrum Health","skin cutaneous melanoma","NCH","SKCM"
"YF","University of Puerto Rico","bladder urothelial carcinoma","NCH","BLCA"
"YG","University of Puerto Rico","skin cutaneous melanoma","NCH","SKCM"
"YH","Stanford University","pancreatic adenocarcinoma","NCH","PAAD"
"YJ","Stanford University","prostate adenocarcinoma","NCH","PRAD"
"YL","PROCURE Biobank","prostate adenocarcinoma","NCH","PRAD"
"YN","University of Arizona","skin cutaneous melanoma","NCH","SKCM"
"YR","Barretos Cancer Hospital","cholangiocarcinoma","NCH","CHOL"
"YS","Barretos Cancer Hospital","mesothelioma","NCH","MESO"
"YT","Barretos Cancer Hospital","thymoma","NCH","THYM"
"YU","Barretos Cancer Hospital","testicular germ cell tumor","NCH","TGCT"
"YV","MSKCC","uveal melanoma","NCH","UVM"
"YW","Albert Einstein Medical Center","sarcoma","NCH","SARC"
"YX","Emory University","stomach adenocarcinoma","NCH","STAD"
"YY","Roswell Park","pancreatic adenocarcinoma","NCH","PAAD"
"YZ","The Ohio State University","uveal melanoma","NCH","UVM"
"Z2","IDI-IRCCS","skin cutaneous melanoma","NCH","SKCM"
"Z3","UCLA","sarcoma","NCH","SARC"
"Z4","Cureline","sarcoma","NCH","SARC"
"Z5","Cureline","pancreatic adenocarcinoma","NCH","PAAD"
"Z6","Cureline","esophageal carcinoma","NCH","ESCA"
"Z7","John Wayne Cancer Center","breast invasive carcinoma","NCH","BRCA"
"Z8","John Wayne Cancer Center","pancreatic adenocarcinoma","NCH","PAAD"
"ZA","Candler","stomach adenocarcinoma","NCH","STAD"
"ZB","Thoraxklinik","thymoma","NCH","THYM"
"ZC","University of Mannheim","thymoma","NCH","THYM"
"ZD","ILSbio","cholangiocarcinoma","NCH","CHOL"
"ZE","Spectrum Health","lung squamous cell carcinoma","NCH","LUSC"
"ZF","University of Sheffield","bladder urothelial carcinoma","NCH","BLCA"
"ZG","University Medical Center Hamburg-Eppendorf","prostate adenocarcinoma","NCH","PRAD"
"ZH","University of North Carolina","cholangiocarcinoma","NCH","CHOL"
"ZJ","NCI HRE Branch","cervical & endocervical cancer","NCH","CESC"
"ZK","University of New Mexico","cholangiocarcinoma","NCH","CHOL"
"ZL","Valley Hospital","thymoma","NCH","THYM"
"ZM","University of Ulm","testicular germ cell tumor","NCH","TGCT"
"ZN","Brigham and Women's Hospital Division of Thoracic Surgery","mesothelioma","NCH","MESO"
"ZP","Medical College of Wisconsin","liver hepatocellular carcinoma","NCH","LIHC"
"ZQ","Tayside Tissue Bank","stomach adenocarcinoma","NCH","STAD"
"ZR","Tayside Tissue Bank","esophageal carcinoma","NCH","ESCA"
"ZS","Tayside Tissue Bank","liver hepatocellular carcinoma","NCH","LIHC"
"ZT","International Genomics Consortium","thymoma","NCH","THYM"
"ZU","Spectrum Health","cholangiocarcinoma","NCH","CHOL"
"ZW","University of Alabama","pancreatic adenocarcinoma","NCH","PAAD"
"ZX","University of Alabama","cervical & endocervical cancer","NCH","CESC"
